{"cameraMode":{"drawMode":0,"name":"Shaded","section":"Shading Mode"},"sceneLighting":true,"audioPlay":false,"sceneViewState":{"m_AlwaysRefresh":false,"showFog":true,"showSkybox":true,"showFlares":true,"showImageEffects":true,"showParticleSystems":true,"showVisualEffectGraphs":true,"m_FxEnabled":true},"in2DMode":false,"pivot":{"x":44.31346893310547,"y":-1.5698738098144532,"z":-108.29119110107422},"rotation":{"x":0.2955598831176758,"y":0.2251310497522354,"z":-0.07182751595973969,"w":0.9258581399917603},"size":42.813480377197269,"orthographic":true}