{"cameraMode":{"drawMode":0,"name":"Shaded","section":"Shading Mode"},"sceneLighting":true,"audioPlay":false,"sceneViewState":{"m_AlwaysRefresh":false,"showFog":true,"showSkybox":true,"showFlares":true,"showImageEffects":true,"showParticleSystems":true,"showVisualEffectGraphs":true,"m_FxEnabled":true},"in2DMode":false,"pivot":{"x":54.499168395996097,"y":3.545236587524414,"z":58.03963088989258},"rotation":{"x":-0.17006903886795045,"y":-0.36881792545318606,"z":0.06881017237901688,"w":-0.9112598299980164},"size":36.87348937988281,"orthographic":true}