{"cameraMode":{"drawMode":0,"name":"Shaded","section":"Shading Mode"},"sceneLighting":true,"audioPlay":false,"sceneViewState":{"m_AlwaysRefresh":false,"showFog":true,"showSkybox":true,"showFlares":true,"showImageEffects":true,"showParticleSystems":true,"showVisualEffectGraphs":true,"m_FxEnabled":true},"in2DMode":false,"pivot":{"x":44.31346893310547,"y":-1.5698738098144532,"z":-108.29119110107422},"rotation":{"x":0.3493073880672455,"y":0.21917672455310822,"z":-0.08436501026153565,"w":0.9073245525360107},"size":20.25832748413086,"orthographic":true}