{"cameraMode":{"drawMode":0,"name":"Shaded","section":"Shading Mode"},"sceneLighting":true,"audioPlay":false,"sceneViewState":{"m_AlwaysRefresh":false,"showFog":true,"showSkybox":true,"showFlares":true,"showImageEffects":true,"showParticleSystems":true,"showVisualEffectGraphs":true,"m_FxEnabled":true},"in2DMode":false,"pivot":{"x":12.119747161865235,"y":7.907562255859375,"z":-92.00393676757813},"rotation":{"x":0.3493073880672455,"y":0.21917672455310822,"z":-0.08436501026153565,"w":0.9073245525360107},"size":26.381614685058595,"orthographic":true}