{"cameraMode":{"drawMode":0,"name":"Shaded","section":"Shading Mode"},"sceneLighting":true,"audioPlay":false,"sceneViewState":{"m_AlwaysRefresh":false,"showFog":true,"showSkybox":true,"showFlares":true,"showImageEffects":true,"showParticleSystems":true,"showVisualEffectGraphs":true,"m_FxEnabled":true},"in2DMode":false,"pivot":{"x":30.92490005493164,"y":13.278918266296387,"z":-0.6123542785644531},"rotation":{"x":-0.13792714476585389,"y":-0.43938830494880679,"z":0.06826616078615189,"w":-0.8850864171981812},"size":3.9682505130767824,"orthographic":true}